{"main.fire":"scene","gradient_blue.mtl":"material","white.png":"texture","gradient.effect":"effect","logo.png":"texture","btn_JourneyLoading.png":"texture","btn_Classics.png":"texture","icon_RedPoint.png":"texture","bg_DailyVictories.png":"texture","txt_ConsecutiveDailyVictories.png":"texture","icon_DailyVictory.png":"texture","btn_Up.png":"texture","×.png":"texture","num_DailyVictory.fnt":"bitmap-font","num_DailyVictory.png":"texture","TW-Kai-small.ttf":"ttf-font","main_icon_achievement_ske.json":"dragonbones","main_icon_achievement_tex.json":"dragonbones-atlas","main_icon_achievement_tex.png":"texture"}