{"frameRate":30,"name":"main_icon_achievement","version":"5.5","compatibleVersion":"5.5","armature":[{"type":"Armature","frameRate":30,"name":"Armature","aabb":{"x":-153.77,"y":-163.1,"width":298,"height":298},"bone":[{"name":"root"},{"name":"xx","parent":"root","transform":{"x":-1.1311,"y":53.5052}},{"name":"zong","parent":"root"},{"name":"jb_11","parent":"root","transform":{"x":-0.1856,"y":-11.1832}},{"name":"jb_92","parent":"zong","transform":{"x":-38.2368,"y":-4.4272,"scX":0.8,"scY":0.8}},{"name":"jb_9","parent":"zong","transform":{"x":28.3251,"y":-43.7482,"scX":0.8,"scY":0.8}},{"name":"a0001","parent":"zong","transform":{"x":-0.7211,"y":-13.4365,"scX":2,"scY":2}},{"name":"jb_91","parent":"zong","transform":{"x":13.4251,"y":-22.0657}}],"slot":[{"blendMode":"add","name":"jb_12","parent":"root","color":{"rM":8,"gM":32,"bM":73}},{"name":"icon_1","parent":"zong"},{"displayIndex":-1,"name":"icon_2","parent":"zong","color":{"aM":46}},{"blendMode":"add","name":"a0001","parent":"a0001"},{"name":"jb_9","parent":"jb_9"},{"blendMode":"add","displayIndex":-1,"name":"icon_3","parent":"zong"},{"name":"jb_91","parent":"jb_91"},{"name":"jb_92","parent":"jb_92"},{"blendMode":"add","displayIndex":-1,"name":"icon_4","parent":"zong"},{"name":"jb_10","parent":"xx"},{"name":"jb_101","parent":"xx"},{"name":"jb_102","parent":"xx"},{"name":"jb_1021","parent":"xx"},{"name":"jb_10211","parent":"xx"},{"blendMode":"add","name":"jb_11","parent":"jb_11"}],"skin":[{"slot":[{"name":"jb_1021","display":[{"name":"jb_10","transform":{"x":65.92,"y":-47.43,"scX":0.55,"scY":0.55}}]},{"name":"jb_11","display":[{"name":"jb_11"}]},{"name":"icon_1","display":[{"name":"icon_1"}]},{"name":"jb_91","display":[{"name":"jb_9"}]},{"name":"jb_10","display":[{"name":"jb_10","transform":{"x":-68.26,"y":-36.42}}]},{"name":"icon_2","display":[{"name":"icon_2","transform":{"x":-0.23,"y":-13.31}}]},{"name":"jb_101","display":[{"name":"jb_10","transform":{"x":67.04,"y":-105.8}}]},{"name":"jb_9","display":[{"name":"jb_9"}]},{"name":"jb_12","display":[{"name":"jb_12","transform":{"x":-4.77,"y":-14.1}}]},{"name":"jb_10211","display":[{"name":"jb_10","transform":{"x":-69.39,"y":-95.39,"scX":0.55,"scY":0.55}}]},{"name":"icon_4","display":[{"name":"icon_4","transform":{"x":-0.43,"y":-19.11}}]},{"name":"jb_102","display":[{"name":"jb_10","transform":{"x":-27.78,"y":-133.56}}]},{"name":"a0001","display":[{"name":"xl/a0001"},{"name":"xl/a0018"},{"name":"xl/a0017"},{"name":"xl/a0016"},{"name":"xl/a0015"},{"name":"xl/a0014"},{"name":"xl/a0013"},{"name":"xl/a0012"},{"name":"xl/a0011"},{"name":"xl/a0010"},{"name":"xl/a0009"},{"name":"xl/a0008"},{"name":"xl/a0007"},{"name":"xl/a0006"},{"name":"xl/a0005"},{"name":"xl/a0004"},{"name":"xl/a0003"},{"name":"xl/a0002"}]},{"name":"icon_3","display":[{"name":"icon_3","transform":{"x":-0.83,"y":-14.05}}]},{"name":"jb_92","display":[{"name":"jb_9"}]}]}],"animation":[{"duration":80,"playTimes":0,"name":"init","bone":[{"name":"jb_9","scaleFrame":[{"duration":52},{"duration":8,"tweenEasing":0,"x":0.45,"y":0.45},{"duration":8,"tweenEasing":0},{"duration":12,"x":0.15,"y":0.15}]},{"name":"jb_91","scaleFrame":[{"duration":58},{"duration":8,"tweenEasing":0,"x":0.45,"y":0.45},{"duration":8,"tweenEasing":0},{"duration":6,"x":0.15,"y":0.15}]},{"name":"jb_92","scaleFrame":[{"duration":46},{"duration":8,"tweenEasing":0,"x":0.45,"y":0.45},{"duration":8,"tweenEasing":0},{"duration":18,"x":0.15,"y":0.15}]},{"name":"zong","scaleFrame":[{"duration":38},{"duration":10,"tweenEasing":0},{"duration":10,"tweenEasing":0,"x":1.02,"y":1.02},{"duration":22}]},{"name":"jb_11","scaleFrame":[{"duration":40},{"duration":30,"curve":[0,0,0.5,1]},{"duration":10,"x":1.2,"y":1.2}]}],"slot":[{"name":"a0001","displayFrame":[{"duration":40,"value":-1},{},{"value":17},{"value":16},{"value":15},{"value":14},{"value":13},{"value":12},{"value":11},{"value":10},{"value":9},{"value":8},{"value":7},{"value":6},{"value":5},{"value":4},{"value":3},{"value":2},{"value":1},{"duration":22,"value":-1}]},{"name":"icon_2","displayFrame":[{"duration":38,"value":-1},{"duration":42}],"colorFrame":[{"duration":38},{"duration":10,"curve":[0,0,0.5,1],"value":{"aM":0}},{"duration":10,"curve":[0.5,0,1,1]},{"duration":22,"value":{"aM":0}}]},{"name":"jb_9","displayFrame":[{"duration":52,"value":-1},{"duration":28}],"colorFrame":[{"duration":64},{"duration":4,"tweenEasing":0},{"duration":12,"value":{"aM":0}}]},{"name":"icon_3","displayFrame":[{"duration":38,"value":-1},{"duration":42}],"colorFrame":[{"duration":38},{"duration":10,"curve":[0,0,0.5,1],"value":{"aM":0}},{"duration":20,"curve":[0.5,0,1,1],"value":{"aM":25}},{"duration":12,"value":{"aM":0}}]},{"name":"jb_91","displayFrame":[{"duration":58,"value":-1},{"duration":22}],"colorFrame":[{"duration":70},{"duration":4,"tweenEasing":0},{"duration":6,"value":{"aM":0}}]},{"name":"jb_92","displayFrame":[{"duration":46,"value":-1},{"duration":34}],"colorFrame":[{"duration":58},{"duration":4,"tweenEasing":0},{"duration":18,"value":{"aM":0}}]},{"name":"icon_4","displayFrame":[{"duration":38,"value":-1},{"duration":42}],"colorFrame":[{"duration":38},{"duration":10,"curve":[0,0,0.5,1],"value":{"aM":0}},{"duration":24,"curve":[0.5,0,1,1],"value":{"aM":37}},{"duration":8,"value":{"aM":0}}]},{"name":"jb_10","colorFrame":[{"duration":10,"tweenEasing":0,"value":{"aM":0}},{"duration":10,"tweenEasing":0},{"duration":20,"value":{"aM":0}},{"duration":10,"tweenEasing":0,"value":{"aM":0}},{"duration":10,"tweenEasing":0},{"duration":20,"value":{"aM":0}}]},{"name":"jb_101","colorFrame":[{"duration":9,"tweenEasing":0,"value":{"aM":42}},{"duration":21,"value":{"aM":0}},{"duration":10,"tweenEasing":0,"value":{"aM":0}},{"duration":9,"tweenEasing":0,"value":{"aM":42}},{"duration":21,"value":{"aM":0}},{"duration":10,"tweenEasing":0,"value":{"aM":0}},{"duration":0,"value":{"aM":42}}]},{"name":"jb_102","displayFrame":[{"duration":9,"value":-1},{"duration":31},{"duration":9,"value":-1},{"duration":31},{"duration":0,"value":-1}],"colorFrame":[{"duration":9},{"duration":10,"tweenEasing":0,"value":{"aM":0}},{"duration":10,"tweenEasing":0,"value":{"aM":71}},{"duration":20,"value":{"aM":0}},{"duration":10,"tweenEasing":0,"value":{"aM":0}},{"duration":10,"tweenEasing":0,"value":{"aM":71}},{"duration":11,"value":{"aM":0}}]},{"name":"jb_1021","displayFrame":[{"duration":14,"value":-1},{"duration":26},{"duration":14,"value":-1},{"duration":26},{"duration":0,"value":-1}],"colorFrame":[{"duration":14},{"duration":10,"tweenEasing":0,"value":{"aM":0}},{"duration":10,"tweenEasing":0,"value":{"aM":71}},{"duration":20,"value":{"aM":0}},{"duration":10,"tweenEasing":0,"value":{"aM":0}},{"duration":10,"tweenEasing":0,"value":{"aM":71}},{"duration":6,"value":{"aM":0}}]},{"name":"jb_10211","displayFrame":[{"duration":18,"value":-1},{"duration":22},{"duration":18,"value":-1},{"duration":22},{"duration":0,"value":-1}],"colorFrame":[{"duration":18},{"duration":11,"tweenEasing":0,"value":{"aM":0}},{"duration":9,"tweenEasing":0,"value":{"aM":71}},{"duration":20,"value":{"aM":0}},{"duration":11,"tweenEasing":0,"value":{"aM":0}},{"duration":9,"tweenEasing":0,"value":{"aM":71}},{"duration":2,"value":{"aM":0}}]},{"name":"jb_11","displayFrame":[{"duration":40,"value":-1},{"duration":40}],"colorFrame":[{"duration":40},{"duration":30,"tweenEasing":0,"value":{"aM":28}},{"duration":10,"value":{"aM":0}}]},{"name":"jb_12","displayFrame":[{"duration":39,"value":-1},{"duration":41}],"colorFrame":[{"duration":39},{"duration":11,"tweenEasing":0,"value":{"aM":0,"rM":8,"gM":32,"bM":73}},{"duration":30,"tweenEasing":0,"value":{"aM":75,"rM":8,"gM":32,"bM":73}},{"duration":0,"value":{"aM":0,"rM":8,"gM":32,"bM":73}}]}]}],"defaultActions":[{"gotoAndPlay":"init"}]}]}