{"width":459,"imagePath":"main_icon_achievement_tex.png","height":509,"name":"main_icon_achievement","SubTexture":[{"width":298,"y":1,"height":298,"name":"jb_12","x":1},{"width":126,"y":301,"height":156,"name":"icon_1","x":148},{"width":145,"y":301,"height":148,"name":"icon_2","x":1},{"y":451,"frameX":-35,"frameHeight":52,"frameY":-19,"width":6,"frameWidth":52,"height":6,"name":"xl/a0017","x":140},{"y":459,"frameX":-1,"frameHeight":52,"frameY":-8,"width":39,"frameWidth":52,"height":43,"name":"xl/a0005","x":231},{"y":84,"frameX":-1,"frameHeight":52,"frameY":-32,"width":20,"frameWidth":52,"height":13,"name":"xl/a0001","x":418},{"y":59,"frameX":-32,"frameHeight":52,"frameY":-4,"width":16,"frameWidth":52,"height":23,"name":"xl/a0015","x":418},{"y":459,"frameX":-10,"frameHeight":52,"frameY":-1,"width":42,"frameWidth":52,"height":41,"name":"xl/a0009","x":187},{"y":1,"frameX":0,"frameHeight":52,"frameY":-18,"width":26,"frameWidth":52,"height":33,"name":"xl/a0003","x":419},{"y":52,"frameX":-37,"frameHeight":52,"frameY":-19,"width":4,"frameWidth":52,"height":4,"name":"xl/a0018","x":444},{"y":118,"frameX":-17,"frameHeight":52,"frameY":-1,"width":35,"frameWidth":52,"height":33,"name":"xl/a0011","x":408},{"y":480,"frameX":-21,"frameHeight":52,"frameY":-1,"width":31,"frameWidth":52,"height":27,"name":"xl/a0012","x":342},{"y":451,"frameX":-2,"frameHeight":52,"frameY":-2,"width":43,"frameWidth":52,"height":49,"name":"xl/a0006","x":50},{"y":59,"frameX":-34,"frameHeight":52,"frameY":-7,"width":13,"frameWidth":52,"height":19,"name":"xl/a0016","x":436},{"y":480,"frameX":-31,"frameHeight":52,"frameY":-1,"width":19,"frameWidth":52,"height":27,"name":"xl/a0014","x":402},{"y":459,"frameX":-7,"frameHeight":52,"frameY":-1,"width":45,"frameWidth":52,"height":46,"name":"xl/a0008","x":140},{"y":36,"frameX":0,"frameHeight":52,"frameY":-28,"width":24,"frameWidth":52,"height":21,"name":"xl/a0002","x":418},{"y":441,"frameX":0,"frameHeight":52,"frameY":-14,"width":34,"frameWidth":52,"height":37,"name":"xl/a0004","x":383},{"y":441,"frameX":-13,"frameHeight":52,"frameY":-1,"width":39,"frameWidth":52,"height":37,"name":"xl/a0010","x":342},{"y":480,"frameX":-27,"frameHeight":52,"frameY":-1,"width":25,"frameWidth":52,"height":27,"name":"xl/a0013","x":375},{"y":451,"frameX":-5,"frameHeight":52,"frameY":-1,"width":43,"frameWidth":52,"height":49,"name":"xl/a0007","x":95},{"width":47,"y":451,"height":46,"name":"jb_9","x":1},{"width":115,"y":1,"height":115,"name":"icon_3","x":301},{"width":64,"y":441,"height":61,"name":"icon_4","x":276},{"width":13,"y":36,"height":14,"name":"jb_10","x":444},{"width":130,"y":301,"height":138,"name":"jb_11","x":276}]}